# Inventory generated from the repository index; paths are relative to the repository root.
# path	classification	content_id	disposition
artifacts/phase0/ocr_text/032a0c06-4f55-458e-8618-93ec82d768c6.txt	immutable-evidence	git-blob:360b916153bee8a26ef01ca681938ce94681ff9d	committed phase result input/output; preserve
artifacts/phase0/ocr_text/108e0777-95b7-4925-a86c-deaf9dc701aa.txt	immutable-evidence	git-blob:2a77bc0681fbe01905e79ed7e3dbf2020f13288f	committed phase result input/output; preserve
artifacts/phase0/ocr_text/119aa71b-f6bf-47b5-9f46-fe0222087f22.txt	immutable-evidence	git-blob:c727183d12e1f4ea9ee1dfe5b393c12c4dd2dc69	committed phase result input/output; preserve
artifacts/phase0/ocr_text/13e90002-caa4-4e10-be9d-3cf49e865042.txt	immutable-evidence	git-blob:20445d7d92ec1d76cda4280087d75eca1375f109	committed phase result input/output; preserve
artifacts/phase0/ocr_text/14dddbc7-b388-4ab6-8df7-6120a4c866ba.txt	immutable-evidence	git-blob:9c20e07008745a727d5ca6db3e6d51f6a0ec37e7	committed phase result input/output; preserve
artifacts/phase0/ocr_text/1dc1d806-6dda-4c9e-a391-cffa15ae14f2.txt	immutable-evidence	git-blob:6857710d5b201fda33b27323a9273086dc7ee8f2	committed phase result input/output; preserve
artifacts/phase0/ocr_text/446d159e-b5c2-45dc-91cc-faaa931f3649.txt	immutable-evidence	git-blob:a001a51f51bdffac30a4a593f7f156fae6db39ba	committed phase result input/output; preserve
artifacts/phase0/ocr_text/49e78dcc-9dd3-49c3-8b75-471e1a340ed5.txt	immutable-evidence	git-blob:41836a5a4f5ecf698aa0653c1b56b5c747d6c6b1	committed phase result input/output; preserve
artifacts/phase0/ocr_text/4a6edc95-c641-4236-9874-81a2d38b5acf.txt	immutable-evidence	git-blob:94050f22b288e52f9a0455f030b3ab1ec0210b8e	committed phase result input/output; preserve
artifacts/phase0/ocr_text/4ccf7c68-5da6-4a56-a682-861ee45dc52a.txt	immutable-evidence	git-blob:93a87cdfcbf761150325981254e60e8611cb45f4	committed phase result input/output; preserve
artifacts/phase0/ocr_text/4fa2f35c-90c8-4387-816a-8771a94a440c.txt	immutable-evidence	git-blob:003b0c7294a179c3ef3680a29ee65dbbdce8b650	committed phase result input/output; preserve
artifacts/phase0/ocr_text/4fc8bc09-c849-4c44-ad0a-361415754246.txt	immutable-evidence	git-blob:eee24249a3bd16682bcbd317baa9100f64d9a03a	committed phase result input/output; preserve
artifacts/phase0/ocr_text/546fc06f-0ad0-4c77-b584-b6207ce85032.txt	immutable-evidence	git-blob:1f341d8d38d1902610211e6659ff17342b619749	committed phase result input/output; preserve
artifacts/phase0/ocr_text/60cdc9db-fea0-4b70-8a8b-425cbaab6a44.txt	immutable-evidence	git-blob:179f890ab2549b72d60935626c390a471eed659e	committed phase result input/output; preserve
artifacts/phase0/ocr_text/6a34c854-1071-4d51-b6c5-9dacb4d7e28e.txt	immutable-evidence	git-blob:e203092ab5e509cb4949e3f5bde418715d9a46d8	committed phase result input/output; preserve
artifacts/phase0/ocr_text/74af8d34-bbfd-4135-a90a-5d07eefc4863.txt	immutable-evidence	git-blob:2362d03c362a9e30f577e9938922b19d47853fba	committed phase result input/output; preserve
artifacts/phase0/ocr_text/76550cb6-e96e-4c38-8ad6-f55d9cbc4414.txt	immutable-evidence	git-blob:d4839df8a5914edeafddfb91d8314cf1894ecede	committed phase result input/output; preserve
artifacts/phase0/ocr_text/848d6744-2489-473b-b5fa-9dc0938d4510.txt	immutable-evidence	git-blob:3355ea249aafd4172b7a2316d42f9489eda7c584	committed phase result input/output; preserve
artifacts/phase0/ocr_text/87c65cdc-a473-490d-a966-9a6753d6904b.txt	immutable-evidence	git-blob:29c56387fce141355b204816afa0bd079688ee9f	committed phase result input/output; preserve
artifacts/phase0/ocr_text/889c8ae2-4e3c-4f2d-8332-559dcad00273.txt	immutable-evidence	git-blob:33378ab673eaae798043fcfb40ed606d14eb365f	committed phase result input/output; preserve
artifacts/phase0/ocr_text/88d5484e-4a97-4775-95b7-a0bd095537b4.txt	immutable-evidence	git-blob:f8767de63763160687740b0e16cccaba79178cba	committed phase result input/output; preserve
artifacts/phase0/ocr_text/8960b388-5154-469f-86f5-c3e0c3b82238.txt	immutable-evidence	git-blob:f29e9d36123378e4374a2e449caa5400c2d62392	committed phase result input/output; preserve
artifacts/phase0/ocr_text/8c971839-5637-4e73-a0be-8cf3a8a3b3ae.txt	immutable-evidence	git-blob:19b7312f745740b7ab23c606e319d05e6d799823	committed phase result input/output; preserve
artifacts/phase0/ocr_text/8f3b3866-ea97-46d8-8c4b-fae58b4706e7.txt	immutable-evidence	git-blob:fc8f649a5bbf8f865b4114349d334abdcea312b7	committed phase result input/output; preserve
artifacts/phase0/ocr_text/93ad4bda-e8bd-441a-bbb8-a17cebc263f1.txt	immutable-evidence	git-blob:e9dd34a150e03ddf6f87e3355f157bac4b85e4d0	committed phase result input/output; preserve
artifacts/phase0/ocr_text/95a75e2f-cedb-4dcd-acaf-9c00752e4b48.txt	immutable-evidence	git-blob:d14efab65dbe903403bda8f1a04326c7b811b6ff	committed phase result input/output; preserve
artifacts/phase0/ocr_text/969ae6f5-21d0-49d0-907b-bfad6c90bb74.txt	immutable-evidence	git-blob:c4fc0aac509d275986139e3a540de9d4cfdd4173	committed phase result input/output; preserve
artifacts/phase0/ocr_text/96ab64d2-3512-4906-a4ed-017b208a888e.txt	immutable-evidence	git-blob:ac618bddaef90343067b773d293c79299c1df38f	committed phase result input/output; preserve
artifacts/phase0/ocr_text/a3c89557-29ec-4e5f-88be-d05fc54d4dab.txt	immutable-evidence	git-blob:47d5a41603af1f1d39ce6dfbb9d2330867ca7131	committed phase result input/output; preserve
artifacts/phase0/ocr_text/a494a9e7-0eb8-4048-94e0-bd173b2de0c1.txt	immutable-evidence	git-blob:88b6923481ba9561b76e2467059930fcace1af27	committed phase result input/output; preserve
artifacts/phase0/ocr_text/a57a9c82-aeae-4da7-9913-3e39bde1b1d2.txt	immutable-evidence	git-blob:579a546b52c496f02a4f58a0dd159bb73e63f15c	committed phase result input/output; preserve
artifacts/phase0/ocr_text/a782b7d8-000a-4645-b6c1-49c62a184780.txt	immutable-evidence	git-blob:ea4fc1fb16538e712cc484b3549a23a780834324	committed phase result input/output; preserve
artifacts/phase0/ocr_text/a9afa87a-d181-49bf-aa09-9a46f25a3c68.txt	immutable-evidence	git-blob:52e7e41f9fe6560131b0706e626df4e45b1dc662	committed phase result input/output; preserve
artifacts/phase0/ocr_text/a9cb4872-83cb-41f4-b793-9a853f7ec204.txt	immutable-evidence	git-blob:51ff007a19c7eec270198ff32ec0db2780451fa3	committed phase result input/output; preserve
artifacts/phase0/ocr_text/b6a5ca06-85c3-48ca-81d6-8bd6127824c2.txt	immutable-evidence	git-blob:0750dd26c03bb6d564b40f1422d8bfe14383e875	committed phase result input/output; preserve
artifacts/phase0/ocr_text/b6d2f720-6ec1-41cd-b32b-b8a6c73d26c7.txt	immutable-evidence	git-blob:49dfe9fca5184e6eb976ebbbf5ddd95c402ddfbf	committed phase result input/output; preserve
artifacts/phase0/ocr_text/b6dd5d59-9ff7-4117-a5dd-97a63b95548e.txt	immutable-evidence	git-blob:090156f2ae3450e6dfae0edff10b2a9b2c03beeb	committed phase result input/output; preserve
artifacts/phase0/ocr_text/b8ad9d57-1a6c-41a2-876b-73dbedbdf94a.txt	immutable-evidence	git-blob:779763ed7bac6414e932d19ac114906452d07b21	committed phase result input/output; preserve
artifacts/phase0/ocr_text/c132e7f1-47cb-4531-82f9-139fbf36e46f.txt	immutable-evidence	git-blob:b38f40297a072d7f36eb7cf68a4f200c28f5a022	committed phase result input/output; preserve
artifacts/phase0/ocr_text/ec8c0152-7d1d-4685-b551-10b09e71ba76.txt	immutable-evidence	git-blob:deb7c3038cdb7fae8538650d4c1ec064bb673b57	committed phase result input/output; preserve
artifacts/phase0/page_images/032a0c06-4f55-458e-8618-93ec82d768c6_p134.png	immutable-evidence	git-blob:3dc1034090b51fdeb9c9625afd03702409a83088	committed phase result input/output; preserve
artifacts/phase0/page_images/032a0c06-4f55-458e-8618-93ec82d768c6_p61.png	immutable-evidence	git-blob:2065941150d379b8a40f1c33b42c0ac5da01e4be	committed phase result input/output; preserve
artifacts/phase0/page_images/108e0777-95b7-4925-a86c-deaf9dc701aa_p68.png	immutable-evidence	git-blob:6740e9d4da0499c04074c7e6aa48dda3e4239b80	committed phase result input/output; preserve
artifacts/phase0/page_images/119aa71b-f6bf-47b5-9f46-fe0222087f22_p36.png	immutable-evidence	git-blob:b033f848e5d3bfd6d14ef95b9bac3ba4b9f931a0	committed phase result input/output; preserve
artifacts/phase0/page_images/13e90002-caa4-4e10-be9d-3cf49e865042_p214.png	immutable-evidence	git-blob:5c47e618592be88e6701dcc5188f9b7991925d92	committed phase result input/output; preserve
artifacts/phase0/page_images/14dddbc7-b388-4ab6-8df7-6120a4c866ba_p2.png	immutable-evidence	git-blob:e750664e1d6a2fcffedadca02054bc4d27e8d9fb	committed phase result input/output; preserve
artifacts/phase0/page_images/1dc1d806-6dda-4c9e-a391-cffa15ae14f2_p93.png	immutable-evidence	git-blob:ddfbbbf783ed014d5b409debc4ce5bc8fc76d006	committed phase result input/output; preserve
artifacts/phase0/page_images/446d159e-b5c2-45dc-91cc-faaa931f3649_p27.png	immutable-evidence	git-blob:399dac79608dee494a4d07871802cdca64156e1c	committed phase result input/output; preserve
artifacts/phase0/page_images/49e78dcc-9dd3-49c3-8b75-471e1a340ed5_p12.png	immutable-evidence	git-blob:21f5e0af0d09df9ecca9ecbf6fb59cb1d0f4674d	committed phase result input/output; preserve
artifacts/phase0/page_images/4a6edc95-c641-4236-9874-81a2d38b5acf_p18.png	immutable-evidence	git-blob:c8226f32c264f50efac6b1626883074142f6aae4	committed phase result input/output; preserve
artifacts/phase0/page_images/4ccf7c68-5da6-4a56-a682-861ee45dc52a_p0.png	immutable-evidence	git-blob:b6d5ce9f57c8f9589fba0255af0fdfff68b9229a	committed phase result input/output; preserve
artifacts/phase0/page_images/4fa2f35c-90c8-4387-816a-8771a94a440c_p0.png	immutable-evidence	git-blob:fa14977a728fc63847c4fb00c828cb9c381a638c	committed phase result input/output; preserve
artifacts/phase0/page_images/4fc8bc09-c849-4c44-ad0a-361415754246_p0.png	immutable-evidence	git-blob:d4f2e0b86b657dd948fa770558cfd84d422b4ed4	committed phase result input/output; preserve
artifacts/phase0/page_images/546fc06f-0ad0-4c77-b584-b6207ce85032_p0.png	immutable-evidence	git-blob:72af6e32ee2a9d20d0525ee63f093882636d828d	committed phase result input/output; preserve
artifacts/phase0/page_images/60cdc9db-fea0-4b70-8a8b-425cbaab6a44_p3.png	immutable-evidence	git-blob:6f0e380868db9c333fac38e61dc66fb60aa4aa32	committed phase result input/output; preserve
artifacts/phase0/page_images/6a34c854-1071-4d51-b6c5-9dacb4d7e28e_p0.png	immutable-evidence	git-blob:1e988b57be2c0d18e395e62dfb87b6f4b24f161f	committed phase result input/output; preserve
artifacts/phase0/page_images/74af8d34-bbfd-4135-a90a-5d07eefc4863_p0.png	immutable-evidence	git-blob:3b7d2e3a3f98d36629fb569845b7a7de84443d72	committed phase result input/output; preserve
artifacts/phase0/page_images/76550cb6-e96e-4c38-8ad6-f55d9cbc4414_p0.png	immutable-evidence	git-blob:61a330985ad752f8d111c7d739ebece0f7bff3ad	committed phase result input/output; preserve
artifacts/phase0/page_images/848d6744-2489-473b-b5fa-9dc0938d4510_p1.png	immutable-evidence	git-blob:b06be1beef02dd79870a13702ef8017bb21046b8	committed phase result input/output; preserve
artifacts/phase0/page_images/87c65cdc-a473-490d-a966-9a6753d6904b_p13.png	immutable-evidence	git-blob:2c1f83ed3fe892f171cb72892b07a19c00f868e8	committed phase result input/output; preserve
artifacts/phase0/page_images/889c8ae2-4e3c-4f2d-8332-559dcad00273_p6.png	immutable-evidence	git-blob:a97e9958b739c17cee82c0d9514db5966ae0f1be	committed phase result input/output; preserve
artifacts/phase0/page_images/88d5484e-4a97-4775-95b7-a0bd095537b4_p9.png	immutable-evidence	git-blob:070af5a6f4e500c970c838174dea8759f29edef4	committed phase result input/output; preserve
artifacts/phase0/page_images/8960b388-5154-469f-86f5-c3e0c3b82238_p16.png	immutable-evidence	git-blob:21d456ea7347d30973c9a848f99f03ad8c053a25	committed phase result input/output; preserve
artifacts/phase0/page_images/8c971839-5637-4e73-a0be-8cf3a8a3b3ae_p8.png	immutable-evidence	git-blob:76c6b73067fe59e72bc37035c779404fce6b0e17	committed phase result input/output; preserve
artifacts/phase0/page_images/8f3b3866-ea97-46d8-8c4b-fae58b4706e7_p8.png	immutable-evidence	git-blob:13caec2ce849bafa3c5002e80ba5586ae3f1742e	committed phase result input/output; preserve
artifacts/phase0/page_images/93ad4bda-e8bd-441a-bbb8-a17cebc263f1_p0.png	immutable-evidence	git-blob:4dfff4f6bac0be7c3ac3217be6c75afe6210be07	committed phase result input/output; preserve
artifacts/phase0/page_images/95a75e2f-cedb-4dcd-acaf-9c00752e4b48_p0.png	immutable-evidence	git-blob:98ac40875f12b9cab8fb47a19e486a18093dccaf	committed phase result input/output; preserve
artifacts/phase0/page_images/969ae6f5-21d0-49d0-907b-bfad6c90bb74_p8.png	immutable-evidence	git-blob:a24168d1a1ffb364f0f99a6ced8749c1a2d1a36a	committed phase result input/output; preserve
artifacts/phase0/page_images/96ab64d2-3512-4906-a4ed-017b208a888e_p2.png	immutable-evidence	git-blob:489392cf11f87f4f1b5e587d2a3d456f16c77cb3	committed phase result input/output; preserve
artifacts/phase0/page_images/a3c89557-29ec-4e5f-88be-d05fc54d4dab_p0.png	immutable-evidence	git-blob:c687089027dbe41f7f8b39f11c5d316e1d6221b7	committed phase result input/output; preserve
artifacts/phase0/page_images/a494a9e7-0eb8-4048-94e0-bd173b2de0c1_p1.png	immutable-evidence	git-blob:5e8e4880c0eaa3edd6883a0f753f6336beb4432a	committed phase result input/output; preserve
artifacts/phase0/page_images/a57a9c82-aeae-4da7-9913-3e39bde1b1d2_p6.png	immutable-evidence	git-blob:6686edc8f28e0fbeb1c8b1b20f8d37bde1975bde	committed phase result input/output; preserve
artifacts/phase0/page_images/a782b7d8-000a-4645-b6c1-49c62a184780_p8.png	immutable-evidence	git-blob:70976d1354898a3e383a09b0d2e83a70486ae7f9	committed phase result input/output; preserve
artifacts/phase0/page_images/a9afa87a-d181-49bf-aa09-9a46f25a3c68_p8.png	immutable-evidence	git-blob:7e1f46d7f13885a0ff6c8795e221a581df40df9b	committed phase result input/output; preserve
artifacts/phase0/page_images/a9cb4872-83cb-41f4-b793-9a853f7ec204_p5.png	immutable-evidence	git-blob:24f6668f4ec85d5ec7c8e4145e900f4aab4112f0	committed phase result input/output; preserve
artifacts/phase0/page_images/b6a5ca06-85c3-48ca-81d6-8bd6127824c2_p51.png	immutable-evidence	git-blob:c9bfa07c237446e67b0da155b9c72242004799d5	committed phase result input/output; preserve
artifacts/phase0/page_images/b6a5ca06-85c3-48ca-81d6-8bd6127824c2_p64.png	immutable-evidence	git-blob:13e6717d2ab05a79296b42184b1048e40bccd810	committed phase result input/output; preserve
artifacts/phase0/page_images/b6d2f720-6ec1-41cd-b32b-b8a6c73d26c7_p1.png	immutable-evidence	git-blob:dd29fd9808bb7510eec2d4a6264785ff29bb2451	committed phase result input/output; preserve
artifacts/phase0/page_images/b6d2f720-6ec1-41cd-b32b-b8a6c73d26c7_p2.png	immutable-evidence	git-blob:ca96f3fd60136fb5e3499c8d5768b1773fac2fd6	committed phase result input/output; preserve
artifacts/phase0/page_images/b6dd5d59-9ff7-4117-a5dd-97a63b95548e_p12.png	immutable-evidence	git-blob:00b36b5c23d206ba124c846f23e05ac4ac3e8c80	committed phase result input/output; preserve
artifacts/phase0/page_images/b6dd5d59-9ff7-4117-a5dd-97a63b95548e_p7.png	immutable-evidence	git-blob:bb81f1351378a76b01e0645896ce37f4af7ab9f5	committed phase result input/output; preserve
artifacts/phase0/page_images/b8ad9d57-1a6c-41a2-876b-73dbedbdf94a_p0.png	immutable-evidence	git-blob:edef9c3623c248fae3666209f84e3f9221f8aac7	committed phase result input/output; preserve
artifacts/phase0/page_images/b8ad9d57-1a6c-41a2-876b-73dbedbdf94a_p3.png	immutable-evidence	git-blob:c8f00badbd4afd3338677e1714da89e44d489058	committed phase result input/output; preserve
artifacts/phase0/page_images/c132e7f1-47cb-4531-82f9-139fbf36e46f_p0.png	immutable-evidence	git-blob:83463d9b8a8880d279da111ab68804c8993c9b5b	committed phase result input/output; preserve
artifacts/phase0/page_images/ec8c0152-7d1d-4685-b551-10b09e71ba76_p2.png	immutable-evidence	git-blob:395559bc94f203f068f8c673de91f6eeb91a8e4e	committed phase result input/output; preserve
artifacts/phase0/page_text_ground_truth/032a0c06-4f55-458e-8618-93ec82d768c6.txt	immutable-evidence	git-blob:ee4ae0f00b0f3a6304b3aa30e1d728d5c4284de9	committed phase result input/output; preserve
artifacts/phase0/page_text_ground_truth/108e0777-95b7-4925-a86c-deaf9dc701aa.txt	immutable-evidence	git-blob:229caea954b5951ed183511e56182c9245675af9	committed phase result input/output; preserve
artifacts/phase0/page_text_ground_truth/119aa71b-f6bf-47b5-9f46-fe0222087f22.txt	immutable-evidence	git-blob:4eda779d245e4201e14bd0922533130e9b017c25	committed phase result input/output; preserve
artifacts/phase0/page_text_ground_truth/13e90002-caa4-4e10-be9d-3cf49e865042.txt	immutable-evidence	git-blob:ccfdcef08c04f71dc12bf42b8c3fb2fc1b6b3db3	committed phase result input/output; preserve
artifacts/phase0/page_text_ground_truth/14dddbc7-b388-4ab6-8df7-6120a4c866ba.txt	immutable-evidence	git-blob:0dfef1cb7ea51aa7fad5e7dd58d80ed95f55c7aa	committed phase result input/output; preserve
artifacts/phase0/page_text_ground_truth/1dc1d806-6dda-4c9e-a391-cffa15ae14f2.txt	immutable-evidence	git-blob:df3c9326a2f10fe7fe44173b98933782cf2b67bf	committed phase result input/output; preserve
artifacts/phase0/page_text_ground_truth/446d159e-b5c2-45dc-91cc-faaa931f3649.txt	immutable-evidence	git-blob:1341a1b1d06c481b6969d53dab7b0e3981621591	committed phase result input/output; preserve
artifacts/phase0/page_text_ground_truth/49e78dcc-9dd3-49c3-8b75-471e1a340ed5.txt	immutable-evidence	git-blob:5b1df6e3bf6c119c94333c97c15f741f0adf8c73	committed phase result input/output; preserve
artifacts/phase0/page_text_ground_truth/4a6edc95-c641-4236-9874-81a2d38b5acf.txt	immutable-evidence	git-blob:8c96716604271fe26c6e49e10b1f81c107035589	committed phase result input/output; preserve
artifacts/phase0/page_text_ground_truth/4ccf7c68-5da6-4a56-a682-861ee45dc52a.txt	immutable-evidence	git-blob:6f5ca9362b68071bee9ed0913aa94be4d4eda7b8	committed phase result input/output; preserve
artifacts/phase0/page_text_ground_truth/4fa2f35c-90c8-4387-816a-8771a94a440c.txt	immutable-evidence	git-blob:1e9777780cae5a8370c0679671847d49ff79fec8	committed phase result input/output; preserve
artifacts/phase0/page_text_ground_truth/4fc8bc09-c849-4c44-ad0a-361415754246.txt	immutable-evidence	git-blob:27132339c21b54614d2d02a036a975dc77d7d478	committed phase result input/output; preserve
artifacts/phase0/page_text_ground_truth/546fc06f-0ad0-4c77-b584-b6207ce85032.txt	immutable-evidence	git-blob:95e1e283ffdfb2629255f51540bd3695929a57ef	committed phase result input/output; preserve
artifacts/phase0/page_text_ground_truth/60cdc9db-fea0-4b70-8a8b-425cbaab6a44.txt	immutable-evidence	git-blob:edaea0a70a69dc7638f70e4daab8769b37cc4035	committed phase result input/output; preserve
artifacts/phase0/page_text_ground_truth/6a34c854-1071-4d51-b6c5-9dacb4d7e28e.txt	immutable-evidence	git-blob:7f4bcb39bb92782dead3aa6241439b83f272183c	committed phase result input/output; preserve
artifacts/phase0/page_text_ground_truth/74af8d34-bbfd-4135-a90a-5d07eefc4863.txt	immutable-evidence	git-blob:5581103fedb66752deda05f01ec99f951013b638	committed phase result input/output; preserve
artifacts/phase0/page_text_ground_truth/76550cb6-e96e-4c38-8ad6-f55d9cbc4414.txt	immutable-evidence	git-blob:ee05dfce123d3a8544dde9bf9bd3f3f25d9a59c9	committed phase result input/output; preserve
artifacts/phase0/page_text_ground_truth/848d6744-2489-473b-b5fa-9dc0938d4510.txt	immutable-evidence	git-blob:198f023970e222606432868bfecd1c40dd726075	committed phase result input/output; preserve
artifacts/phase0/page_text_ground_truth/87c65cdc-a473-490d-a966-9a6753d6904b.txt	immutable-evidence	git-blob:6be1009a655dbc1334e6c9685c8f32f872bd738a	committed phase result input/output; preserve
artifacts/phase0/page_text_ground_truth/889c8ae2-4e3c-4f2d-8332-559dcad00273.txt	immutable-evidence	git-blob:3d2137c47d0f43d081c9ce1d07fb8d9c2e76e9cf	committed phase result input/output; preserve
artifacts/phase0/page_text_ground_truth/88d5484e-4a97-4775-95b7-a0bd095537b4.txt	immutable-evidence	git-blob:23e20ece62063eb02727a3fe02ca79d46f16b595	committed phase result input/output; preserve
artifacts/phase0/page_text_ground_truth/8960b388-5154-469f-86f5-c3e0c3b82238.txt	immutable-evidence	git-blob:2ed743c9aadf98392221cfad8eefa28601d474c1	committed phase result input/output; preserve
artifacts/phase0/page_text_ground_truth/8c971839-5637-4e73-a0be-8cf3a8a3b3ae.txt	immutable-evidence	git-blob:3ff15b37efa5da5a21a47757a756542ba9575c04	committed phase result input/output; preserve
artifacts/phase0/page_text_ground_truth/8f3b3866-ea97-46d8-8c4b-fae58b4706e7.txt	immutable-evidence	git-blob:df6428fb404566e5b8c65932d77d998e6bc497d8	committed phase result input/output; preserve
artifacts/phase0/page_text_ground_truth/93ad4bda-e8bd-441a-bbb8-a17cebc263f1.txt	immutable-evidence	git-blob:38ce5b9dc1d5a017e462fd8ac293d2754c257f19	committed phase result input/output; preserve
artifacts/phase0/page_text_ground_truth/95a75e2f-cedb-4dcd-acaf-9c00752e4b48.txt	immutable-evidence	git-blob:aa2011078d1b5258c3c9439af6782bc6923e3f3b	committed phase result input/output; preserve
artifacts/phase0/page_text_ground_truth/969ae6f5-21d0-49d0-907b-bfad6c90bb74.txt	immutable-evidence	git-blob:4a01d09c72d7f1834f714cd632eed00dfe437547	committed phase result input/output; preserve
artifacts/phase0/page_text_ground_truth/96ab64d2-3512-4906-a4ed-017b208a888e.txt	immutable-evidence	git-blob:88fb32e02eb4edcd6c144a2ad1c2b8b34ea9871d	committed phase result input/output; preserve
artifacts/phase0/page_text_ground_truth/a3c89557-29ec-4e5f-88be-d05fc54d4dab.txt	immutable-evidence	git-blob:9f03b76dd1de3c0f40ad81b5ff19908de893fdb2	committed phase result input/output; preserve
artifacts/phase0/page_text_ground_truth/a494a9e7-0eb8-4048-94e0-bd173b2de0c1.txt	immutable-evidence	git-blob:95fa763480598f392b1a30eabf7521cf65d1b0d1	committed phase result input/output; preserve
artifacts/phase0/page_text_ground_truth/a57a9c82-aeae-4da7-9913-3e39bde1b1d2.txt	immutable-evidence	git-blob:f6abadf0a7156049a2bfcfef47a8907bca3f0b84	committed phase result input/output; preserve
artifacts/phase0/page_text_ground_truth/a782b7d8-000a-4645-b6c1-49c62a184780.txt	immutable-evidence	git-blob:765e560b5236f8bbe53e55056870c9abfa5b3afc	committed phase result input/output; preserve
artifacts/phase0/page_text_ground_truth/a9afa87a-d181-49bf-aa09-9a46f25a3c68.txt	immutable-evidence	git-blob:4e473c2abeb17dda51d3fe5950999bd5a73d6262	committed phase result input/output; preserve
artifacts/phase0/page_text_ground_truth/a9cb4872-83cb-41f4-b793-9a853f7ec204.txt	immutable-evidence	git-blob:da227c433c110d3fdb82e6797da9ab6234689fba	committed phase result input/output; preserve
artifacts/phase0/page_text_ground_truth/b6a5ca06-85c3-48ca-81d6-8bd6127824c2.txt	immutable-evidence	git-blob:8734e94e098afc096574b529b8aa0f502e643f27	committed phase result input/output; preserve
artifacts/phase0/page_text_ground_truth/b6d2f720-6ec1-41cd-b32b-b8a6c73d26c7.txt	immutable-evidence	git-blob:3db51820f1120606798da2f33e3371e23b175aa8	committed phase result input/output; preserve
artifacts/phase0/page_text_ground_truth/b6dd5d59-9ff7-4117-a5dd-97a63b95548e.txt	immutable-evidence	git-blob:73712641416a3cc01411fbe3ff4a11c43e88301c	committed phase result input/output; preserve
artifacts/phase0/page_text_ground_truth/b8ad9d57-1a6c-41a2-876b-73dbedbdf94a.txt	immutable-evidence	git-blob:f890504ce7c1d1ed42ecf635186fd5f52fc7c4d1	committed phase result input/output; preserve
artifacts/phase0/page_text_ground_truth/c132e7f1-47cb-4531-82f9-139fbf36e46f.txt	immutable-evidence	git-blob:b4cccdb4ed892e48118cc638d452851b8382165c	committed phase result input/output; preserve
artifacts/phase0/page_text_ground_truth/ec8c0152-7d1d-4685-b551-10b09e71ba76.txt	immutable-evidence	git-blob:98af27b290208163e9b7c481cfb36989b6b287c3	committed phase result input/output; preserve
artifacts/phase1/phase1_e2e_summary.json	immutable-evidence	git-blob:63208512d6640e1dc33c12b9b927117623a79171	committed phase result input/output; preserve
artifacts/phase3/ablation_summary.json	immutable-evidence	git-blob:9a7dd1da68db87f77673317b4874c9c4bef9136f	committed phase result input/output; preserve
artifacts/phase3/error_analysis_examples.json	immutable-evidence	git-blob:b1b1f713d0a8092dd76c86a77b3e6ad0fe8f640e	committed phase result input/output; preserve
artifacts/phase3/faar_full_summary.json	immutable-evidence	git-blob:1148efe5e32b37b9f22ab24f766aa0ac1dd16969	committed phase result input/output; preserve
artifacts/phase3/faar_no_backtrack_summary.json	immutable-evidence	git-blob:07afa5be76577567cf061d342e043f855a80d3f7	committed phase result input/output; preserve
artifacts/phase3/faar_no_diagnosis_summary.json	immutable-evidence	git-blob:adeaaf09b446802638d6464042f5b85ea3223f13	committed phase result input/output; preserve
artifacts/phase3/faar_no_vlm_summary.json	immutable-evidence	git-blob:3bf7664468c766be919669f6c6ac28dd88e7c1bd	committed phase result input/output; preserve
artifacts/phase3/metrics_summary.json	immutable-evidence	git-blob:2a20fca9fb95eb943f723e3bf54834c0d32945c2	committed phase result input/output; preserve
artifacts/phase3/naive_rag_summary.json	immutable-evidence	git-blob:a4fbbbb8cd311bb4adb5792a4a8e4431041ca204	committed phase result input/output; preserve
artifacts/phase3/qa_metrics.csv	immutable-evidence	git-blob:3c03ce08bc3b7fd3cc9bdea71c0be88176541d74	committed phase result input/output; preserve
artifacts/phase3/retrieval_metrics.csv	immutable-evidence	git-blob:3c03ce08bc3b7fd3cc9bdea71c0be88176541d74	committed phase result input/output; preserve
artifacts/phase4/case_studies.json	immutable-evidence	git-blob:2aca7ae1adfa3909d252094c68bb098e530313b6	committed phase result input/output; preserve
artifacts/phase4/claim_assessment.json	immutable-evidence	git-blob:f6a6c1ea64e651a97d4276e4226a6077f136b3aa	committed phase result input/output; preserve
artifacts/phase4/phase4_summary.json	immutable-evidence	git-blob:0669267a0d52726e12b2ce50e420757f911f6497	committed phase result input/output; preserve
artifacts/phase4/profile_deltas_vs_baseline.csv	immutable-evidence	git-blob:2d9d4fb28a03fc9d16b797ad5fec0bcd8dc2f619	committed phase result input/output; preserve
logs/phase1/446d159e-b5c2-45dc-91cc-faaa931f3649.json	reproducible-scratch	git-blob:94fb9a216dd57da28d94efd90d41ed2cce79f7cf	uncited development run; may be deleted only in a deliberate evidence-cleanup change
logs/phase1/848d6744-2489-473b-b5fa-9dc0938d4510.json	reproducible-scratch	git-blob:6aa85a3e2cfb6f8f3cc54f42f3aa1a1273ec3c6d	uncited development run; may be deleted only in a deliberate evidence-cleanup change
logs/phase1/a57a9c82-aeae-4da7-9913-3e39bde1b1d2.json	reproducible-scratch	git-blob:d9946495b8a8bb10865d6c482c253ea78cc5222d	uncited development run; may be deleted only in a deliberate evidence-cleanup change
logs/phase1/c132e7f1-47cb-4531-82f9-139fbf36e46f.json	reproducible-scratch	git-blob:6dff42d6f6fa27a4ae0762a586ec3d1fe4cb1377	uncited development run; may be deleted only in a deliberate evidence-cleanup change
logs/phase1/phase1_e2e_latest.json	reproducible-scratch	git-blob:f58c917f2e89d58a4d3e9039c53133707219ca12	uncited development run; may be deleted only in a deliberate evidence-cleanup change
logs/phase3/faar_full/032a0c06-4f55-458e-8618-93ec82d768c6.json	immutable-evidence	git-blob:4f5656c72d1353e90d79ad22563fd7c4b2206f00	committed phase result input/output; preserve
logs/phase3/faar_full/108e0777-95b7-4925-a86c-deaf9dc701aa.json	immutable-evidence	git-blob:26661b2ffc954617b472692a56af00ba6f197eb3	committed phase result input/output; preserve
logs/phase3/faar_full/119aa71b-f6bf-47b5-9f46-fe0222087f22.json	immutable-evidence	git-blob:3412c70d53ef421fbaf70ccb989b4e6297fba35f	committed phase result input/output; preserve
logs/phase3/faar_full/13e90002-caa4-4e10-be9d-3cf49e865042.json	immutable-evidence	git-blob:659f4d91abca37774308370d1b2a86910787caa3	committed phase result input/output; preserve
logs/phase3/faar_full/14dddbc7-b388-4ab6-8df7-6120a4c866ba.json	immutable-evidence	git-blob:bebdc2347a0e276e8ef4b770472b6ee039514be5	committed phase result input/output; preserve
logs/phase3/faar_full/1dc1d806-6dda-4c9e-a391-cffa15ae14f2.json	immutable-evidence	git-blob:cc0c47a9d4c1cd9c16fb519fa5eb5d669564949f	committed phase result input/output; preserve
logs/phase3/faar_full/446d159e-b5c2-45dc-91cc-faaa931f3649.json	immutable-evidence	git-blob:9e5fe126395982132b23201e913d8fb6c87d5b8d	committed phase result input/output; preserve
logs/phase3/faar_full/49e78dcc-9dd3-49c3-8b75-471e1a340ed5.json	immutable-evidence	git-blob:d477e0dfaad022453b2223af72a924e35d321211	committed phase result input/output; preserve
logs/phase3/faar_full/4a6edc95-c641-4236-9874-81a2d38b5acf.json	immutable-evidence	git-blob:9296d07f201c856585129588e5858992a0f20b07	committed phase result input/output; preserve
logs/phase3/faar_full/4ccf7c68-5da6-4a56-a682-861ee45dc52a.json	immutable-evidence	git-blob:40f3517b7cde9492af9887f42c92a9a97b33440e	committed phase result input/output; preserve
logs/phase3/faar_full/4fa2f35c-90c8-4387-816a-8771a94a440c.json	immutable-evidence	git-blob:534f9ebfb28d47033c0d8cc8d5544c47610fcf02	committed phase result input/output; preserve
logs/phase3/faar_full/4fc8bc09-c849-4c44-ad0a-361415754246.json	immutable-evidence	git-blob:4f2633aaa47f5de70fd5d48cb03d92160d88ac3f	committed phase result input/output; preserve
logs/phase3/faar_full/546fc06f-0ad0-4c77-b584-b6207ce85032.json	immutable-evidence	git-blob:5aa73deea853b98acd1e0b6af337c16c10cac549	committed phase result input/output; preserve
logs/phase3/faar_full/60cdc9db-fea0-4b70-8a8b-425cbaab6a44.json	immutable-evidence	git-blob:5bce9007a97ef12fc7f3f585e6e92af01cf41af6	committed phase result input/output; preserve
logs/phase3/faar_full/6a34c854-1071-4d51-b6c5-9dacb4d7e28e.json	immutable-evidence	git-blob:5c9f4d14e91b38c00ee7b57039ee1aadd1ea7a1d	committed phase result input/output; preserve
logs/phase3/faar_full/74af8d34-bbfd-4135-a90a-5d07eefc4863.json	immutable-evidence	git-blob:79d340300d995cd770e9401a26e7fefa60120255	committed phase result input/output; preserve
logs/phase3/faar_full/76550cb6-e96e-4c38-8ad6-f55d9cbc4414.json	immutable-evidence	git-blob:e8ee36aebc615f18aea1d6733b9b2533feca8118	committed phase result input/output; preserve
logs/phase3/faar_full/848d6744-2489-473b-b5fa-9dc0938d4510.json	immutable-evidence	git-blob:f0c846efa30f47f7aa6dca9e5adfbce9ee7bec23	committed phase result input/output; preserve
logs/phase3/faar_full/87c65cdc-a473-490d-a966-9a6753d6904b.json	immutable-evidence	git-blob:3c60c030c01c9ebe446ead6846eef114baf7d389	committed phase result input/output; preserve
logs/phase3/faar_full/889c8ae2-4e3c-4f2d-8332-559dcad00273.json	immutable-evidence	git-blob:65679f130b46289c7fed841a853b4dd869992b33	committed phase result input/output; preserve
logs/phase3/faar_full/88d5484e-4a97-4775-95b7-a0bd095537b4.json	immutable-evidence	git-blob:2e58acfd9377529b9f79d0cdbc2f2c5f872a91aa	committed phase result input/output; preserve
logs/phase3/faar_full/8960b388-5154-469f-86f5-c3e0c3b82238.json	immutable-evidence	git-blob:ff86b266ef918cc887c97c3f1d81d6a623250954	committed phase result input/output; preserve
logs/phase3/faar_full/8c971839-5637-4e73-a0be-8cf3a8a3b3ae.json	immutable-evidence	git-blob:dd45ae11e054f759343700fb681ed919074aef4f	committed phase result input/output; preserve
logs/phase3/faar_full/8f3b3866-ea97-46d8-8c4b-fae58b4706e7.json	immutable-evidence	git-blob:4878814390fca61126dd32d5471c0242e15766d9	committed phase result input/output; preserve
logs/phase3/faar_full/93ad4bda-e8bd-441a-bbb8-a17cebc263f1.json	immutable-evidence	git-blob:411b1e3703a7cb00866c61e2ee639c21e46de444	committed phase result input/output; preserve
logs/phase3/faar_full/95a75e2f-cedb-4dcd-acaf-9c00752e4b48.json	immutable-evidence	git-blob:5ffd5546118f699669762f588c2d5229cc2b0d9e	committed phase result input/output; preserve
logs/phase3/faar_full/969ae6f5-21d0-49d0-907b-bfad6c90bb74.json	immutable-evidence	git-blob:c47b8aeb75aadd2367be3f75b6c740891208e022	committed phase result input/output; preserve
logs/phase3/faar_full/96ab64d2-3512-4906-a4ed-017b208a888e.json	immutable-evidence	git-blob:eaa41d82becd48e3408f6a4160f5f5a957e0346c	committed phase result input/output; preserve
logs/phase3/faar_full/a3c89557-29ec-4e5f-88be-d05fc54d4dab.json	immutable-evidence	git-blob:84b2238beb0c2fcbf11c9be4b520ae4006f90b71	committed phase result input/output; preserve
logs/phase3/faar_full/a494a9e7-0eb8-4048-94e0-bd173b2de0c1.json	immutable-evidence	git-blob:cf228c44641dbd66bfc7ea7a5b282c8b0756d29c	committed phase result input/output; preserve
logs/phase3/faar_full/a57a9c82-aeae-4da7-9913-3e39bde1b1d2.json	immutable-evidence	git-blob:d670ccf4309202769c9a3cbd24a64861d132d1b1	committed phase result input/output; preserve
logs/phase3/faar_full/a782b7d8-000a-4645-b6c1-49c62a184780.json	immutable-evidence	git-blob:fb6aa9c945c394ff629398bf6852870eaadb9f0f	committed phase result input/output; preserve
logs/phase3/faar_full/a9afa87a-d181-49bf-aa09-9a46f25a3c68.json	immutable-evidence	git-blob:cc0336defa2d254c42944689c57ac54ac0b27548	committed phase result input/output; preserve
logs/phase3/faar_full/a9cb4872-83cb-41f4-b793-9a853f7ec204.json	immutable-evidence	git-blob:8bfb5a5779d0f0dde09c197883227e44453e5e32	committed phase result input/output; preserve
logs/phase3/faar_full/b6a5ca06-85c3-48ca-81d6-8bd6127824c2.json	immutable-evidence	git-blob:424782d94a597c0783a2f73b33cf31b44360ead6	committed phase result input/output; preserve
logs/phase3/faar_full/b6d2f720-6ec1-41cd-b32b-b8a6c73d26c7.json	immutable-evidence	git-blob:c4fd28e40cd8ac190ee9c9d0c752282c7e937c0d	committed phase result input/output; preserve
logs/phase3/faar_full/b6dd5d59-9ff7-4117-a5dd-97a63b95548e.json	immutable-evidence	git-blob:f912d3e7eca51bc94291b934a0ef6a73b2750ada	committed phase result input/output; preserve
logs/phase3/faar_full/b8ad9d57-1a6c-41a2-876b-73dbedbdf94a.json	immutable-evidence	git-blob:0840876e1176b5a6d834b91bf9472e6f4672b6bd	committed phase result input/output; preserve
logs/phase3/faar_full/c132e7f1-47cb-4531-82f9-139fbf36e46f.json	immutable-evidence	git-blob:e6afe20da3f854af82a9f76b0e72ff809ce02c1c	committed phase result input/output; preserve
logs/phase3/faar_full/ec8c0152-7d1d-4685-b551-10b09e71ba76.json	immutable-evidence	git-blob:d4fe1f4ed851da7e94b531dbaabc981a0afeb3af	committed phase result input/output; preserve
logs/phase3/faar_no_backtrack/032a0c06-4f55-458e-8618-93ec82d768c6.json	immutable-evidence	git-blob:d55c9b0194ac3c4396bbacc8334babae3ad9262c	committed phase result input/output; preserve
logs/phase3/faar_no_backtrack/108e0777-95b7-4925-a86c-deaf9dc701aa.json	immutable-evidence	git-blob:87d50a9f0fc77f39008d4e1b0c8542d41e3123fa	committed phase result input/output; preserve
logs/phase3/faar_no_backtrack/119aa71b-f6bf-47b5-9f46-fe0222087f22.json	immutable-evidence	git-blob:5f741395760ef21b7cdd7b8fdc7b5d214619f68c	committed phase result input/output; preserve
logs/phase3/faar_no_backtrack/13e90002-caa4-4e10-be9d-3cf49e865042.json	immutable-evidence	git-blob:e09202ed5508c2ae7c16488c29b40da03eab97a6	committed phase result input/output; preserve
logs/phase3/faar_no_backtrack/14dddbc7-b388-4ab6-8df7-6120a4c866ba.json	immutable-evidence	git-blob:dc3fe37d705ca3adc30ffa68b62c4a927e85ed5d	committed phase result input/output; preserve
logs/phase3/faar_no_backtrack/1dc1d806-6dda-4c9e-a391-cffa15ae14f2.json	immutable-evidence	git-blob:3b94aeb66f15681600ac5fc1f86c856b3ee0863f	committed phase result input/output; preserve
logs/phase3/faar_no_backtrack/446d159e-b5c2-45dc-91cc-faaa931f3649.json	immutable-evidence	git-blob:c0a4e2f31767aa684fc939fcfcd49493c9bf09f8	committed phase result input/output; preserve
logs/phase3/faar_no_backtrack/49e78dcc-9dd3-49c3-8b75-471e1a340ed5.json	immutable-evidence	git-blob:f6df554bcc3d46673e5fbe62dca3b575d5e2d230	committed phase result input/output; preserve
logs/phase3/faar_no_backtrack/4a6edc95-c641-4236-9874-81a2d38b5acf.json	immutable-evidence	git-blob:0f72c4e908f2814768f1c83061f5e163840e4aba	committed phase result input/output; preserve
logs/phase3/faar_no_backtrack/4ccf7c68-5da6-4a56-a682-861ee45dc52a.json	immutable-evidence	git-blob:6b1e0311a09e194a7788eb29331fb8a8567217d8	committed phase result input/output; preserve
logs/phase3/faar_no_backtrack/4fa2f35c-90c8-4387-816a-8771a94a440c.json	immutable-evidence	git-blob:6269349db558f6974a0279b1f2f0034b88b20781	committed phase result input/output; preserve
logs/phase3/faar_no_backtrack/4fc8bc09-c849-4c44-ad0a-361415754246.json	immutable-evidence	git-blob:a506b2cfc43df9872df665b804d4a919d1f3acb2	committed phase result input/output; preserve
logs/phase3/faar_no_backtrack/546fc06f-0ad0-4c77-b584-b6207ce85032.json	immutable-evidence	git-blob:009bb2325b1c0f6d6bffe97d890e74d3290bac37	committed phase result input/output; preserve
logs/phase3/faar_no_backtrack/60cdc9db-fea0-4b70-8a8b-425cbaab6a44.json	immutable-evidence	git-blob:09039bec2d1c252d90885198f52f78da7c609b7a	committed phase result input/output; preserve
logs/phase3/faar_no_backtrack/6a34c854-1071-4d51-b6c5-9dacb4d7e28e.json	immutable-evidence	git-blob:492868e361e4349e1b1696f122893c611bc4eccf	committed phase result input/output; preserve
logs/phase3/faar_no_backtrack/74af8d34-bbfd-4135-a90a-5d07eefc4863.json	immutable-evidence	git-blob:b17ebfaa5c3270b41c3ad4e8af4ab1df320fd79e	committed phase result input/output; preserve
logs/phase3/faar_no_backtrack/76550cb6-e96e-4c38-8ad6-f55d9cbc4414.json	immutable-evidence	git-blob:cef723a727f10717aaec4e426a40bcf30cee5cf5	committed phase result input/output; preserve
logs/phase3/faar_no_backtrack/848d6744-2489-473b-b5fa-9dc0938d4510.json	immutable-evidence	git-blob:efcf3d322cab8f9f89d26516ae8cbf4e69053ab7	committed phase result input/output; preserve
logs/phase3/faar_no_backtrack/87c65cdc-a473-490d-a966-9a6753d6904b.json	immutable-evidence	git-blob:1f922b20e498bcfefad55b3d79eef0d33cc689a0	committed phase result input/output; preserve
logs/phase3/faar_no_backtrack/889c8ae2-4e3c-4f2d-8332-559dcad00273.json	immutable-evidence	git-blob:2260b72aab062bd54fe2c17992b1b100f13df2cf	committed phase result input/output; preserve
logs/phase3/faar_no_backtrack/88d5484e-4a97-4775-95b7-a0bd095537b4.json	immutable-evidence	git-blob:a7adcd4a1d50f900dcb65123489ce75958cf790d	committed phase result input/output; preserve
logs/phase3/faar_no_backtrack/8960b388-5154-469f-86f5-c3e0c3b82238.json	immutable-evidence	git-blob:62f2be1c47605785d95b2ae13e1f32b70a14c307	committed phase result input/output; preserve
logs/phase3/faar_no_backtrack/8c971839-5637-4e73-a0be-8cf3a8a3b3ae.json	immutable-evidence	git-blob:dd9b02330055a19bcbc97372e3c70f27e190820b	committed phase result input/output; preserve
logs/phase3/faar_no_backtrack/8f3b3866-ea97-46d8-8c4b-fae58b4706e7.json	immutable-evidence	git-blob:ad8e6e57b83b7888c67f224e2787b913964d15a2	committed phase result input/output; preserve
logs/phase3/faar_no_backtrack/93ad4bda-e8bd-441a-bbb8-a17cebc263f1.json	immutable-evidence	git-blob:aaf246b48c0dcae53c097911dab881f88f033d38	committed phase result input/output; preserve
logs/phase3/faar_no_backtrack/95a75e2f-cedb-4dcd-acaf-9c00752e4b48.json	immutable-evidence	git-blob:c2a03fdccbb57397a6f57d904016d5bd887b5a38	committed phase result input/output; preserve
logs/phase3/faar_no_backtrack/969ae6f5-21d0-49d0-907b-bfad6c90bb74.json	immutable-evidence	git-blob:138092df6854282781dea48fceb3fab95fa02ced	committed phase result input/output; preserve
logs/phase3/faar_no_backtrack/96ab64d2-3512-4906-a4ed-017b208a888e.json	immutable-evidence	git-blob:0bcfa5cc12a0999301694409bbd0a5e0fc73b948	committed phase result input/output; preserve
logs/phase3/faar_no_backtrack/a3c89557-29ec-4e5f-88be-d05fc54d4dab.json	immutable-evidence	git-blob:6fd20212f002449b7d19ecdd5cfb3ed842558a3f	committed phase result input/output; preserve
logs/phase3/faar_no_backtrack/a494a9e7-0eb8-4048-94e0-bd173b2de0c1.json	immutable-evidence	git-blob:aec2f6090e152e6a87deff07a2302dc5b154ba91	committed phase result input/output; preserve
logs/phase3/faar_no_backtrack/a57a9c82-aeae-4da7-9913-3e39bde1b1d2.json	immutable-evidence	git-blob:c1cd0464770204dbff9f3955619b19e8f2810b8f	committed phase result input/output; preserve
logs/phase3/faar_no_backtrack/a782b7d8-000a-4645-b6c1-49c62a184780.json	immutable-evidence	git-blob:ed422ccf56f199ffa53a12afcf58bf16775d72c2	committed phase result input/output; preserve
logs/phase3/faar_no_backtrack/a9afa87a-d181-49bf-aa09-9a46f25a3c68.json	immutable-evidence	git-blob:1caa24306be26296ea73fbbbaaff3cccf5ae9eda	committed phase result input/output; preserve
logs/phase3/faar_no_backtrack/a9cb4872-83cb-41f4-b793-9a853f7ec204.json	immutable-evidence	git-blob:55aee643cd36ddfda97f5e28b1e4c05fb8fd8f90	committed phase result input/output; preserve
logs/phase3/faar_no_backtrack/b6a5ca06-85c3-48ca-81d6-8bd6127824c2.json	immutable-evidence	git-blob:0526c20a77dec9f9249545985c79eeef68802841	committed phase result input/output; preserve
logs/phase3/faar_no_backtrack/b6d2f720-6ec1-41cd-b32b-b8a6c73d26c7.json	immutable-evidence	git-blob:2a8e0d5ee42e126b6d876e7fd4c4c315e8d32eb4	committed phase result input/output; preserve
logs/phase3/faar_no_backtrack/b6dd5d59-9ff7-4117-a5dd-97a63b95548e.json	immutable-evidence	git-blob:55447d4278f3631742ca2c9558fb7e1313a39f21	committed phase result input/output; preserve
logs/phase3/faar_no_backtrack/b8ad9d57-1a6c-41a2-876b-73dbedbdf94a.json	immutable-evidence	git-blob:558595ea16a9d47d83d7245aed36f2a8268f884e	committed phase result input/output; preserve
logs/phase3/faar_no_backtrack/c132e7f1-47cb-4531-82f9-139fbf36e46f.json	immutable-evidence	git-blob:3c85c25335becbac0188045783482781be24ce6a	committed phase result input/output; preserve
logs/phase3/faar_no_backtrack/ec8c0152-7d1d-4685-b551-10b09e71ba76.json	immutable-evidence	git-blob:295c6b93d260e90bb1c1dd625b4e9f8ee1bd1c9a	committed phase result input/output; preserve
logs/phase3/faar_no_diagnosis/032a0c06-4f55-458e-8618-93ec82d768c6.json	immutable-evidence	git-blob:bf64d254663cccb779b428360fbac64623ce90d5	committed phase result input/output; preserve
logs/phase3/faar_no_diagnosis/108e0777-95b7-4925-a86c-deaf9dc701aa.json	immutable-evidence	git-blob:6a994b5414bb347f2b7241824c82775167c32580	committed phase result input/output; preserve
logs/phase3/faar_no_diagnosis/119aa71b-f6bf-47b5-9f46-fe0222087f22.json	immutable-evidence	git-blob:f88ac59b708d971eecf74c728764831a5e8602d6	committed phase result input/output; preserve
logs/phase3/faar_no_diagnosis/13e90002-caa4-4e10-be9d-3cf49e865042.json	immutable-evidence	git-blob:12cacc54fdfa9f060ab3636fae4658216d08f787	committed phase result input/output; preserve
logs/phase3/faar_no_diagnosis/14dddbc7-b388-4ab6-8df7-6120a4c866ba.json	immutable-evidence	git-blob:65eb5428d720b456deccc417361a4d5234a01509	committed phase result input/output; preserve
logs/phase3/faar_no_diagnosis/1dc1d806-6dda-4c9e-a391-cffa15ae14f2.json	immutable-evidence	git-blob:d5b59c67d4d90f4b0286489fef4e86976e40e88d	committed phase result input/output; preserve
logs/phase3/faar_no_diagnosis/446d159e-b5c2-45dc-91cc-faaa931f3649.json	immutable-evidence	git-blob:43688e0780f7dd80e85b88012870bafaf305ac74	committed phase result input/output; preserve
logs/phase3/faar_no_diagnosis/49e78dcc-9dd3-49c3-8b75-471e1a340ed5.json	immutable-evidence	git-blob:8c68991037f7499bd8a42446a0cbdc37e93cd8de	committed phase result input/output; preserve
logs/phase3/faar_no_diagnosis/4a6edc95-c641-4236-9874-81a2d38b5acf.json	immutable-evidence	git-blob:0d15ab5768780b68edc6f9e4302f38af2d1fa069	committed phase result input/output; preserve
logs/phase3/faar_no_diagnosis/4ccf7c68-5da6-4a56-a682-861ee45dc52a.json	immutable-evidence	git-blob:9e6d53f319ea26f2880a6df0fcb4d21e9d4cf7bd	committed phase result input/output; preserve
logs/phase3/faar_no_diagnosis/4fa2f35c-90c8-4387-816a-8771a94a440c.json	immutable-evidence	git-blob:746cf18360b76188ee7e1c58f9ef4ef290d43a68	committed phase result input/output; preserve
logs/phase3/faar_no_diagnosis/4fc8bc09-c849-4c44-ad0a-361415754246.json	immutable-evidence	git-blob:008be577da79a45d5adf830709a7d34a6af861de	committed phase result input/output; preserve
logs/phase3/faar_no_diagnosis/546fc06f-0ad0-4c77-b584-b6207ce85032.json	immutable-evidence	git-blob:a43c01e9a4629361a60d5157ebfa325522889add	committed phase result input/output; preserve
logs/phase3/faar_no_diagnosis/60cdc9db-fea0-4b70-8a8b-425cbaab6a44.json	immutable-evidence	git-blob:678c230e4c43fc69e5d24d4cbcb72cbd59ca1eed	committed phase result input/output; preserve
logs/phase3/faar_no_diagnosis/6a34c854-1071-4d51-b6c5-9dacb4d7e28e.json	immutable-evidence	git-blob:60919297498826c866ce766d11437d194829d89b	committed phase result input/output; preserve
logs/phase3/faar_no_diagnosis/74af8d34-bbfd-4135-a90a-5d07eefc4863.json	immutable-evidence	git-blob:87ccaa5693b36bc07c09991b4208f19ca6d4e058	committed phase result input/output; preserve
logs/phase3/faar_no_diagnosis/76550cb6-e96e-4c38-8ad6-f55d9cbc4414.json	immutable-evidence	git-blob:0fc1e2ac4b4dcd6340ec2b806ceb57e000b4ff20	committed phase result input/output; preserve
logs/phase3/faar_no_diagnosis/848d6744-2489-473b-b5fa-9dc0938d4510.json	immutable-evidence	git-blob:29d019fda20354abda463396f5d8ff3780b33bde	committed phase result input/output; preserve
logs/phase3/faar_no_diagnosis/87c65cdc-a473-490d-a966-9a6753d6904b.json	immutable-evidence	git-blob:eea9b08fef819617ffaf4a6016f7339dba4976e3	committed phase result input/output; preserve
logs/phase3/faar_no_diagnosis/889c8ae2-4e3c-4f2d-8332-559dcad00273.json	immutable-evidence	git-blob:7582ad9da0cf3b2b3923571d3d7b336c5be32cc7	committed phase result input/output; preserve
logs/phase3/faar_no_diagnosis/88d5484e-4a97-4775-95b7-a0bd095537b4.json	immutable-evidence	git-blob:6085c513699dd320d78d703bb7087ed14dd8bdcf	committed phase result input/output; preserve
logs/phase3/faar_no_diagnosis/8960b388-5154-469f-86f5-c3e0c3b82238.json	immutable-evidence	git-blob:c1e9e06e81a99f06d17657ecfbc946a6fd58377b	committed phase result input/output; preserve
logs/phase3/faar_no_diagnosis/8c971839-5637-4e73-a0be-8cf3a8a3b3ae.json	immutable-evidence	git-blob:5a99b10ac77c945bccb4984255f048dbbd0349f1	committed phase result input/output; preserve
logs/phase3/faar_no_diagnosis/8f3b3866-ea97-46d8-8c4b-fae58b4706e7.json	immutable-evidence	git-blob:94a180c57589bec2e3599c749c9ff1887c9646b4	committed phase result input/output; preserve
logs/phase3/faar_no_diagnosis/93ad4bda-e8bd-441a-bbb8-a17cebc263f1.json	immutable-evidence	git-blob:90804fda9e501fddd00d7562b80a2255ba91efed	committed phase result input/output; preserve
logs/phase3/faar_no_diagnosis/95a75e2f-cedb-4dcd-acaf-9c00752e4b48.json	immutable-evidence	git-blob:25e921ea3fbd6897200d1985175231d430f8a8a3	committed phase result input/output; preserve
logs/phase3/faar_no_diagnosis/969ae6f5-21d0-49d0-907b-bfad6c90bb74.json	immutable-evidence	git-blob:447d461320e9bef0cae10d530b7bf4d7283a5d35	committed phase result input/output; preserve
logs/phase3/faar_no_diagnosis/96ab64d2-3512-4906-a4ed-017b208a888e.json	immutable-evidence	git-blob:bdf32a01688263e92dfe7839e0d57f9089b9e30d	committed phase result input/output; preserve
logs/phase3/faar_no_diagnosis/a3c89557-29ec-4e5f-88be-d05fc54d4dab.json	immutable-evidence	git-blob:cbac6efc3384997cfc0983ac8e00269173c9ec2e	committed phase result input/output; preserve
logs/phase3/faar_no_diagnosis/a494a9e7-0eb8-4048-94e0-bd173b2de0c1.json	immutable-evidence	git-blob:994223e7b96322ed350cfd90725cc60281210dc5	committed phase result input/output; preserve
logs/phase3/faar_no_diagnosis/a57a9c82-aeae-4da7-9913-3e39bde1b1d2.json	immutable-evidence	git-blob:db416179071167ec34251047bfd76785e8e4bab8	committed phase result input/output; preserve
logs/phase3/faar_no_diagnosis/a782b7d8-000a-4645-b6c1-49c62a184780.json	immutable-evidence	git-blob:1df604129b60f833a3d4cb428e328f72e1e0c3b6	committed phase result input/output; preserve
logs/phase3/faar_no_diagnosis/a9afa87a-d181-49bf-aa09-9a46f25a3c68.json	immutable-evidence	git-blob:e9660766fd58809265ec868c76a389a3be3d523b	committed phase result input/output; preserve
logs/phase3/faar_no_diagnosis/a9cb4872-83cb-41f4-b793-9a853f7ec204.json	immutable-evidence	git-blob:7aadcfa43e0a24079141f3f68194b557773672fb	committed phase result input/output; preserve
logs/phase3/faar_no_diagnosis/b6a5ca06-85c3-48ca-81d6-8bd6127824c2.json	immutable-evidence	git-blob:c5318e393e64c246a46ea221c2e3c7158104c74c	committed phase result input/output; preserve
logs/phase3/faar_no_diagnosis/b6d2f720-6ec1-41cd-b32b-b8a6c73d26c7.json	immutable-evidence	git-blob:391e0b35d53a6572972306ec08bf6977a06fc49a	committed phase result input/output; preserve
logs/phase3/faar_no_diagnosis/b6dd5d59-9ff7-4117-a5dd-97a63b95548e.json	immutable-evidence	git-blob:660ce046f5ca9cecfcec3e9dcb005d8571f95f54	committed phase result input/output; preserve
logs/phase3/faar_no_diagnosis/b8ad9d57-1a6c-41a2-876b-73dbedbdf94a.json	immutable-evidence	git-blob:bb235095b5dab7a645a1fbe451ae22d69708e3ba	committed phase result input/output; preserve
logs/phase3/faar_no_diagnosis/c132e7f1-47cb-4531-82f9-139fbf36e46f.json	immutable-evidence	git-blob:1edc53438c992e63a4ea042c78b7c74b10237c5a	committed phase result input/output; preserve
logs/phase3/faar_no_diagnosis/ec8c0152-7d1d-4685-b551-10b09e71ba76.json	immutable-evidence	git-blob:72e7b0ad0170f024753e436ea4c438370ab0d5ea	committed phase result input/output; preserve
logs/phase3/faar_no_vlm/032a0c06-4f55-458e-8618-93ec82d768c6.json	immutable-evidence	git-blob:98142d8655bae59899fa419523fe464e8cb1f441	committed phase result input/output; preserve
logs/phase3/faar_no_vlm/108e0777-95b7-4925-a86c-deaf9dc701aa.json	immutable-evidence	git-blob:fa5d3766b6442ce0e62b9e1dbf1df58fc7e9890e	committed phase result input/output; preserve
logs/phase3/faar_no_vlm/119aa71b-f6bf-47b5-9f46-fe0222087f22.json	immutable-evidence	git-blob:caf6e676e268787ecb798e5327dc4ec80bcf01d5	committed phase result input/output; preserve
logs/phase3/faar_no_vlm/13e90002-caa4-4e10-be9d-3cf49e865042.json	immutable-evidence	git-blob:ce077f9873d096b347528da707eacd478651d9bd	committed phase result input/output; preserve
logs/phase3/faar_no_vlm/14dddbc7-b388-4ab6-8df7-6120a4c866ba.json	immutable-evidence	git-blob:77d726c87282ea908b20cd8f68021b988fa3fe2b	committed phase result input/output; preserve
logs/phase3/faar_no_vlm/1dc1d806-6dda-4c9e-a391-cffa15ae14f2.json	immutable-evidence	git-blob:b056ce3147d2a641b675b4e79740c8f98abfa077	committed phase result input/output; preserve
logs/phase3/faar_no_vlm/446d159e-b5c2-45dc-91cc-faaa931f3649.json	immutable-evidence	git-blob:2bb6c8ebcd1c843ed092c09636fde5be107a902a	committed phase result input/output; preserve
logs/phase3/faar_no_vlm/49e78dcc-9dd3-49c3-8b75-471e1a340ed5.json	immutable-evidence	git-blob:f63e1f1301b0191174fba835c14ee29a52c024e5	committed phase result input/output; preserve
logs/phase3/faar_no_vlm/4a6edc95-c641-4236-9874-81a2d38b5acf.json	immutable-evidence	git-blob:134e145fe458cc23100a7a2ab9748594f8ca676c	committed phase result input/output; preserve
logs/phase3/faar_no_vlm/4ccf7c68-5da6-4a56-a682-861ee45dc52a.json	immutable-evidence	git-blob:4d20137b0b2e38a67fcdab039c10a0e0540bdd98	committed phase result input/output; preserve
logs/phase3/faar_no_vlm/4fa2f35c-90c8-4387-816a-8771a94a440c.json	immutable-evidence	git-blob:356c0de6a660f13808da4fff16a958f0674ee9c2	committed phase result input/output; preserve
logs/phase3/faar_no_vlm/4fc8bc09-c849-4c44-ad0a-361415754246.json	immutable-evidence	git-blob:bd2e5e970d26dd7d09627eb7fd3da1c54aa4b676	committed phase result input/output; preserve
logs/phase3/faar_no_vlm/546fc06f-0ad0-4c77-b584-b6207ce85032.json	immutable-evidence	git-blob:1bfb788a696fc0e41c815af71cc5be579039fd44	committed phase result input/output; preserve
logs/phase3/faar_no_vlm/60cdc9db-fea0-4b70-8a8b-425cbaab6a44.json	immutable-evidence	git-blob:6960d3fe3c444229c33a7e4a81e7ef0bbe779d99	committed phase result input/output; preserve
logs/phase3/faar_no_vlm/6a34c854-1071-4d51-b6c5-9dacb4d7e28e.json	immutable-evidence	git-blob:b3baee062946eaa2e7613483025cec33ea8362ef	committed phase result input/output; preserve
logs/phase3/faar_no_vlm/74af8d34-bbfd-4135-a90a-5d07eefc4863.json	immutable-evidence	git-blob:d686244684e7f3413f428402b8e5418c33f45d70	committed phase result input/output; preserve
logs/phase3/faar_no_vlm/76550cb6-e96e-4c38-8ad6-f55d9cbc4414.json	immutable-evidence	git-blob:d502b733e62f3a951b0498f6354796a935c5bee1	committed phase result input/output; preserve
logs/phase3/faar_no_vlm/848d6744-2489-473b-b5fa-9dc0938d4510.json	immutable-evidence	git-blob:426d9eef55b6142e21a2bf5f749167c5c3cad905	committed phase result input/output; preserve
logs/phase3/faar_no_vlm/87c65cdc-a473-490d-a966-9a6753d6904b.json	immutable-evidence	git-blob:bfb2aa43c42005c2e2eecc03bb2e1f25de50e6ab	committed phase result input/output; preserve
logs/phase3/faar_no_vlm/889c8ae2-4e3c-4f2d-8332-559dcad00273.json	immutable-evidence	git-blob:f679dc8db57a62bae03967fa53e220192a1f7ad4	committed phase result input/output; preserve
logs/phase3/faar_no_vlm/88d5484e-4a97-4775-95b7-a0bd095537b4.json	immutable-evidence	git-blob:96e27a6977ef8a870c8d904d082fc52e1f126916	committed phase result input/output; preserve
logs/phase3/faar_no_vlm/8960b388-5154-469f-86f5-c3e0c3b82238.json	immutable-evidence	git-blob:2e874ea9187f2e4b0d43a99c57de536ec99cc9d5	committed phase result input/output; preserve
logs/phase3/faar_no_vlm/8c971839-5637-4e73-a0be-8cf3a8a3b3ae.json	immutable-evidence	git-blob:91065ffaa134ac594f850a4157e9e95258a8adef	committed phase result input/output; preserve
logs/phase3/faar_no_vlm/8f3b3866-ea97-46d8-8c4b-fae58b4706e7.json	immutable-evidence	git-blob:337ba4298d29dc989bbb27c7cb3c727818d4842c	committed phase result input/output; preserve
logs/phase3/faar_no_vlm/93ad4bda-e8bd-441a-bbb8-a17cebc263f1.json	immutable-evidence	git-blob:0f385a2c44fd659262f122848548b63780208008	committed phase result input/output; preserve
logs/phase3/faar_no_vlm/95a75e2f-cedb-4dcd-acaf-9c00752e4b48.json	immutable-evidence	git-blob:8ea14c333487fa40bdef3131fce979fa76b8e12c	committed phase result input/output; preserve
logs/phase3/faar_no_vlm/969ae6f5-21d0-49d0-907b-bfad6c90bb74.json	immutable-evidence	git-blob:2ee3aa3be5099d5aebcd4489aff7e20ed85ab1f4	committed phase result input/output; preserve
logs/phase3/faar_no_vlm/96ab64d2-3512-4906-a4ed-017b208a888e.json	immutable-evidence	git-blob:42be1df3f9c4944722dfa0db5c20a0cfad12cc3d	committed phase result input/output; preserve
logs/phase3/faar_no_vlm/a3c89557-29ec-4e5f-88be-d05fc54d4dab.json	immutable-evidence	git-blob:837e13bcdc7214b2b15291aedc7122b180530a24	committed phase result input/output; preserve
logs/phase3/faar_no_vlm/a494a9e7-0eb8-4048-94e0-bd173b2de0c1.json	immutable-evidence	git-blob:024e1030bb2cb4d76268896c946767b0529392d0	committed phase result input/output; preserve
logs/phase3/faar_no_vlm/a57a9c82-aeae-4da7-9913-3e39bde1b1d2.json	immutable-evidence	git-blob:835e187101b4ff393b235d6225c482dd1f286cc6	committed phase result input/output; preserve
logs/phase3/faar_no_vlm/a782b7d8-000a-4645-b6c1-49c62a184780.json	immutable-evidence	git-blob:130966f3eba25518be3c97f5e5585c2b9f6f36ca	committed phase result input/output; preserve
logs/phase3/faar_no_vlm/a9afa87a-d181-49bf-aa09-9a46f25a3c68.json	immutable-evidence	git-blob:6146f7a67ac30ae1a7c0e57012b7727487924ee1	committed phase result input/output; preserve
logs/phase3/faar_no_vlm/a9cb4872-83cb-41f4-b793-9a853f7ec204.json	immutable-evidence	git-blob:6fb4fab58b4f53269033598c429c85032a2fca38	committed phase result input/output; preserve
logs/phase3/faar_no_vlm/b6a5ca06-85c3-48ca-81d6-8bd6127824c2.json	immutable-evidence	git-blob:455bf7832e2883190885dac663a4186fbbc15636	committed phase result input/output; preserve
logs/phase3/faar_no_vlm/b6d2f720-6ec1-41cd-b32b-b8a6c73d26c7.json	immutable-evidence	git-blob:5a37c0a1124999dbaa0c150b2e06c41911fb8dc3	committed phase result input/output; preserve
logs/phase3/faar_no_vlm/b6dd5d59-9ff7-4117-a5dd-97a63b95548e.json	immutable-evidence	git-blob:6bf773a3886d6ba5f23810f1a2f5e19a3de2b5ec	committed phase result input/output; preserve
logs/phase3/faar_no_vlm/b8ad9d57-1a6c-41a2-876b-73dbedbdf94a.json	immutable-evidence	git-blob:499217a34225910a37f82d282c7ed5a9283f426e	committed phase result input/output; preserve
logs/phase3/faar_no_vlm/c132e7f1-47cb-4531-82f9-139fbf36e46f.json	immutable-evidence	git-blob:40ae1ce19a2d0ba08b0958fa50e226210aae767d	committed phase result input/output; preserve
logs/phase3/faar_no_vlm/ec8c0152-7d1d-4685-b551-10b09e71ba76.json	immutable-evidence	git-blob:220b1e5a9f10bdff0d690dbc6c571ec7c5bf1055	committed phase result input/output; preserve
logs/phase3/naive_rag/032a0c06-4f55-458e-8618-93ec82d768c6.json	immutable-evidence	git-blob:5742e3981cfa55ec6497209fc6b898c0ac073686	committed phase result input/output; preserve
logs/phase3/naive_rag/108e0777-95b7-4925-a86c-deaf9dc701aa.json	immutable-evidence	git-blob:5c752e034c47a5db390d34b8b84f718cac7be19a	committed phase result input/output; preserve
logs/phase3/naive_rag/119aa71b-f6bf-47b5-9f46-fe0222087f22.json	immutable-evidence	git-blob:d64ff72fb7b0f2bcd42e11bcc5e705cc379f396b	committed phase result input/output; preserve
logs/phase3/naive_rag/13e90002-caa4-4e10-be9d-3cf49e865042.json	immutable-evidence	git-blob:6f51329de5902cc23cb894a2cd1cc43edc6b46bf	committed phase result input/output; preserve
logs/phase3/naive_rag/14dddbc7-b388-4ab6-8df7-6120a4c866ba.json	immutable-evidence	git-blob:37c28a4e28f05f9a522d10d3f037607f53347797	committed phase result input/output; preserve
logs/phase3/naive_rag/1dc1d806-6dda-4c9e-a391-cffa15ae14f2.json	immutable-evidence	git-blob:26ac335abe47ee63df238dd2f8c8c1902cb341fc	committed phase result input/output; preserve
logs/phase3/naive_rag/446d159e-b5c2-45dc-91cc-faaa931f3649.json	immutable-evidence	git-blob:d3666d119b809cabc181e9c18406fe9b8c12f6d9	committed phase result input/output; preserve
logs/phase3/naive_rag/49e78dcc-9dd3-49c3-8b75-471e1a340ed5.json	immutable-evidence	git-blob:5a88149af845b259d3da63f920aacb1b2c94f283	committed phase result input/output; preserve
logs/phase3/naive_rag/4a6edc95-c641-4236-9874-81a2d38b5acf.json	immutable-evidence	git-blob:99252f76dfa9656c1c5b39484af775c2625cf27f	committed phase result input/output; preserve
logs/phase3/naive_rag/4ccf7c68-5da6-4a56-a682-861ee45dc52a.json	immutable-evidence	git-blob:daf34bca8b937c59ab48efac3d1fcd5dd593fafb	committed phase result input/output; preserve
logs/phase3/naive_rag/4fa2f35c-90c8-4387-816a-8771a94a440c.json	immutable-evidence	git-blob:6ccbe3a908fe6a72188365e3c84dbd9b7f9cd868	committed phase result input/output; preserve
logs/phase3/naive_rag/4fc8bc09-c849-4c44-ad0a-361415754246.json	immutable-evidence	git-blob:8cc132080f42dd13473ff6f084407a58257cb5fe	committed phase result input/output; preserve
logs/phase3/naive_rag/546fc06f-0ad0-4c77-b584-b6207ce85032.json	immutable-evidence	git-blob:b5f5dcb2800c9ee5cdbe95e521c43c9923076a42	committed phase result input/output; preserve
logs/phase3/naive_rag/60cdc9db-fea0-4b70-8a8b-425cbaab6a44.json	immutable-evidence	git-blob:e02fe46046b1f346eedd25379c3a97c934819ace	committed phase result input/output; preserve
logs/phase3/naive_rag/6a34c854-1071-4d51-b6c5-9dacb4d7e28e.json	immutable-evidence	git-blob:af6bfe1c3a194c7f5c9092aaa398abacf9db4527	committed phase result input/output; preserve
logs/phase3/naive_rag/74af8d34-bbfd-4135-a90a-5d07eefc4863.json	immutable-evidence	git-blob:5b63241398f95a11595095271542243d2e0a1175	committed phase result input/output; preserve
logs/phase3/naive_rag/76550cb6-e96e-4c38-8ad6-f55d9cbc4414.json	immutable-evidence	git-blob:8fca35db95d280468a98b1daf9024d4e164c0ce0	committed phase result input/output; preserve
logs/phase3/naive_rag/848d6744-2489-473b-b5fa-9dc0938d4510.json	immutable-evidence	git-blob:b7684b9648c18c9a53acfb34c32813c5e5dd03e7	committed phase result input/output; preserve
logs/phase3/naive_rag/87c65cdc-a473-490d-a966-9a6753d6904b.json	immutable-evidence	git-blob:93ebb5325c160056b8fe165284875778e38c8637	committed phase result input/output; preserve
logs/phase3/naive_rag/889c8ae2-4e3c-4f2d-8332-559dcad00273.json	immutable-evidence	git-blob:22e05eb0fbf5adb2165f495258aa51c3b30ac269	committed phase result input/output; preserve
logs/phase3/naive_rag/88d5484e-4a97-4775-95b7-a0bd095537b4.json	immutable-evidence	git-blob:718602dea1783e84fdc26c1052dd2d10a4b51bca	committed phase result input/output; preserve
logs/phase3/naive_rag/8960b388-5154-469f-86f5-c3e0c3b82238.json	immutable-evidence	git-blob:b8417c22bb79f43344e632d9a9a253180301cbab	committed phase result input/output; preserve
logs/phase3/naive_rag/8c971839-5637-4e73-a0be-8cf3a8a3b3ae.json	immutable-evidence	git-blob:b63cd0a2513d4d15295f21ec5cf9a3667dbeb062	committed phase result input/output; preserve
logs/phase3/naive_rag/8f3b3866-ea97-46d8-8c4b-fae58b4706e7.json	immutable-evidence	git-blob:f6d0168c696681cff1afcb245b577e30272b2f48	committed phase result input/output; preserve
logs/phase3/naive_rag/93ad4bda-e8bd-441a-bbb8-a17cebc263f1.json	immutable-evidence	git-blob:d14be7fe5d23cd8d92caaa68ff51fb52188d8e25	committed phase result input/output; preserve
logs/phase3/naive_rag/95a75e2f-cedb-4dcd-acaf-9c00752e4b48.json	immutable-evidence	git-blob:1820dec5e148a2e3ab83e51666b975fbfadf9562	committed phase result input/output; preserve
logs/phase3/naive_rag/969ae6f5-21d0-49d0-907b-bfad6c90bb74.json	immutable-evidence	git-blob:1cb90308bdd80dc20176e31fc9536719b2df9a5c	committed phase result input/output; preserve
logs/phase3/naive_rag/96ab64d2-3512-4906-a4ed-017b208a888e.json	immutable-evidence	git-blob:7acadf80bfd783b56fa2cd5282b7df2fa4fa4f6c	committed phase result input/output; preserve
logs/phase3/naive_rag/a3c89557-29ec-4e5f-88be-d05fc54d4dab.json	immutable-evidence	git-blob:8ca3fe3049f60ffb6f9f994e7f873d4f1903dbfe	committed phase result input/output; preserve
logs/phase3/naive_rag/a494a9e7-0eb8-4048-94e0-bd173b2de0c1.json	immutable-evidence	git-blob:eef275d3de3d102cf6708ddb4f3c4f82e28d6339	committed phase result input/output; preserve
logs/phase3/naive_rag/a57a9c82-aeae-4da7-9913-3e39bde1b1d2.json	immutable-evidence	git-blob:3f95afe7945b2ee441a34644f784ec34e93d26c6	committed phase result input/output; preserve
logs/phase3/naive_rag/a782b7d8-000a-4645-b6c1-49c62a184780.json	immutable-evidence	git-blob:47da51719faff4711f01425b434bfd5e4fea0bf7	committed phase result input/output; preserve
logs/phase3/naive_rag/a9afa87a-d181-49bf-aa09-9a46f25a3c68.json	immutable-evidence	git-blob:9850d4e9a948e76c00a32e7cb72d077647efb842	committed phase result input/output; preserve
logs/phase3/naive_rag/a9cb4872-83cb-41f4-b793-9a853f7ec204.json	immutable-evidence	git-blob:c126857ad422c2ee596fd537b522692a2e577eb3	committed phase result input/output; preserve
logs/phase3/naive_rag/b6a5ca06-85c3-48ca-81d6-8bd6127824c2.json	immutable-evidence	git-blob:214717b2d884d0593e4b565b8d182b3ff36f4279	committed phase result input/output; preserve
logs/phase3/naive_rag/b6d2f720-6ec1-41cd-b32b-b8a6c73d26c7.json	immutable-evidence	git-blob:3289c981ca7bf3b0226ff96e629651d0d585011d	committed phase result input/output; preserve
logs/phase3/naive_rag/b6dd5d59-9ff7-4117-a5dd-97a63b95548e.json	immutable-evidence	git-blob:212d12b46e2cea8f3cedce2eb5b7876e7098da26	committed phase result input/output; preserve
logs/phase3/naive_rag/b8ad9d57-1a6c-41a2-876b-73dbedbdf94a.json	immutable-evidence	git-blob:90d3e85618ed99724ea4c160b9a2669d2326408e	committed phase result input/output; preserve
logs/phase3/naive_rag/c132e7f1-47cb-4531-82f9-139fbf36e46f.json	immutable-evidence	git-blob:56ca44c433c304b5fd413cb9aa20e12665f473c5	committed phase result input/output; preserve
logs/phase3/naive_rag/ec8c0152-7d1d-4685-b551-10b09e71ba76.json	immutable-evidence	git-blob:4add0ef08c18f1226309b2604b4fa8fdc1568280	committed phase result input/output; preserve
